before,instruction,after
before\0195.jpg,remove snow from the image,after\0195.jpg
before\0786.jpg,remove haze from the image,after\0786.jpg
before\1031.png,remove rain from the image,after\1031.png
before\0981.png,remove rain from the image,after\0981.png
before\0587.png,remove raindrops from the image,after\0587.png
before\0282.jpg,remove snow from the image,after\0282.jpg
before\0763.jpg,remove haze from the image,after\0763.jpg
before\1005.png,remove rain from the image,after\1005.png
before\0963.png,remove rain from the image,after\0963.png
before\0535.png,remove raindrops from the image,after\0535.png
before\0427.png,remove raindrops from the image,after\0427.png
before\1192.png,remove rain from the image,after\1192.png
before\1144.png,remove rain from the image,after\1144.png
before\0196.jpg,remove snow from the image,after\0196.jpg
before\1056.png,remove rain from the image,after\1056.png
before\0249.jpg,remove snow from the image,after\0249.jpg
before\0022.png,remove snow from the image,after\0022.png
before\0024.png,remove snow from the image,after\0024.png
before\0069.png,remove snow from the image,after\0069.png
before\0127.jpg,remove snow from the image,after\0127.jpg
before\0628.png,remove haze from the image,after\0628.png
before\0444.png,remove raindrops from the image,after\0444.png
before\0154.jpg,remove snow from the image,after\0154.jpg
before\0546.png,remove raindrops from the image,after\0546.png
before\1161.png,remove rain from the image,after\1161.png
before\0164.jpg,remove snow from the image,after\0164.jpg
before\0841.jpg,remove haze from the image,after\0841.jpg
before\1197.png,remove rain from the image,after\1197.png
before\1050.png,remove rain from the image,after\1050.png
before\0576.png,remove raindrops from the image,after\0576.png
before\0782.jpg,remove haze from the image,after\0782.jpg
before\0860.jpg,remove haze from the image,after\0860.jpg
before\0706.png,remove haze from the image,after\0706.png
before\0678.png,remove haze from the image,after\0678.png
before\0048.png,remove snow from the image,after\0048.png
before\0436.png,remove raindrops from the image,after\0436.png
before\0558.png,remove raindrops from the image,after\0558.png
before\0938.png,remove rain from the image,after\0938.png
before\0345.png,remove raindrops from the image,after\0345.png
before\0750.jpg,remove haze from the image,after\0750.jpg
before\1028.png,remove rain from the image,after\1028.png
before\1154.png,remove rain from the image,after\1154.png
before\0404.png,remove raindrops from the image,after\0404.png
before\0734.jpg,remove haze from the image,after\0734.jpg
before\0029.png,remove snow from the image,after\0029.png
before\0445.png,remove raindrops from the image,after\0445.png
before\1012.png,remove rain from the image,after\1012.png
before\0903.png,remove rain from the image,after\0903.png
before\0025.png,remove snow from the image,after\0025.png
before\0474.png,remove raindrops from the image,after\0474.png
before\0823.jpg,remove haze from the image,after\0823.jpg
before\0640.png,remove haze from the image,after\0640.png
before\1089.png,remove rain from the image,after\1089.png
before\0264.jpg,remove snow from the image,after\0264.jpg
before\0882.jpg,remove haze from the image,after\0882.jpg
before\0167.jpg,remove snow from the image,after\0167.jpg
before\0713.jpg,remove haze from the image,after\0713.jpg
before\0074.png,remove snow from the image,after\0074.png
before\0230.jpg,remove snow from the image,after\0230.jpg
before\0965.png,remove rain from the image,after\0965.png
before\0865.jpg,remove haze from the image,after\0865.jpg
before\0540.png,remove raindrops from the image,after\0540.png
before\0455.png,remove raindrops from the image,after\0455.png
before\1146.png,remove rain from the image,after\1146.png
before\0252.jpg,remove snow from the image,after\0252.jpg
before\0224.jpg,remove snow from the image,after\0224.jpg
before\0077.png,remove snow from the image,after\0077.png
before\0709.png,remove haze from the image,after\0709.png
before\0990.png,remove rain from the image,after\0990.png
before\0181.jpg,remove snow from the image,after\0181.jpg
before\0898.jpg,remove haze from the image,after\0898.jpg
before\0414.png,remove raindrops from the image,after\0414.png
before\0235.jpg,remove snow from the image,after\0235.jpg
before\0500.png,remove raindrops from the image,after\0500.png
before\1115.png,remove rain from the image,after\1115.png
before\0656.png,remove haze from the image,after\0656.png
before\0884.jpg,remove haze from the image,after\0884.jpg
before\1081.png,remove rain from the image,after\1081.png
before\0551.png,remove raindrops from the image,after\0551.png
before\0360.png,remove raindrops from the image,after\0360.png
before\0261.jpg,remove snow from the image,after\0261.jpg
before\1062.png,remove rain from the image,after\1062.png
before\0393.png,remove raindrops from the image,after\0393.png
before\0574.png,remove raindrops from the image,after\0574.png
before\0843.jpg,remove haze from the image,after\0843.jpg
before\0296.jpg,remove snow from the image,after\0296.jpg
before\0969.png,remove rain from the image,after\0969.png
before\0251.jpg,remove snow from the image,after\0251.jpg
before\0511.png,remove raindrops from the image,after\0511.png
before\0303.png,remove raindrops from the image,after\0303.png
before\0306.png,remove raindrops from the image,after\0306.png
before\0070.png,remove snow from the image,after\0070.png
before\0886.jpg,remove haze from the image,after\0886.jpg
before\0920.png,remove rain from the image,after\0920.png
before\0789.jpg,remove haze from the image,after\0789.jpg
before\0355.png,remove raindrops from the image,after\0355.png
before\0571.png,remove raindrops from the image,after\0571.png
before\1073.png,remove rain from the image,after\1073.png
before\0121.jpg,remove snow from the image,after\0121.jpg
before\0531.png,remove raindrops from the image,after\0531.png
before\0247.jpg,remove snow from the image,after\0247.jpg
before\0062.png,remove snow from the image,after\0062.png
before\1162.png,remove rain from the image,after\1162.png
before\0554.png,remove raindrops from the image,after\0554.png
before\1039.png,remove rain from the image,after\1039.png
before\0944.png,remove rain from the image,after\0944.png
before\0977.png,remove rain from the image,after\0977.png
before\0904.png,remove rain from the image,after\0904.png
before\0176.jpg,remove snow from the image,after\0176.jpg
before\0964.png,remove rain from the image,after\0964.png
before\0234.jpg,remove snow from the image,after\0234.jpg
before\0567.png,remove raindrops from the image,after\0567.png
before\0662.png,remove haze from the image,after\0662.png
before\0138.jpg,remove snow from the image,after\0138.jpg
before\0682.png,remove haze from the image,after\0682.png
before\0370.png,remove raindrops from the image,after\0370.png
before\1065.png,remove rain from the image,after\1065.png
before\0801.jpg,remove haze from the image,after\0801.jpg
before\0530.png,remove raindrops from the image,after\0530.png
before\0743.jpg,remove haze from the image,after\0743.jpg
before\0269.jpg,remove snow from the image,after\0269.jpg
before\1157.png,remove rain from the image,after\1157.png
before\0215.jpg,remove snow from the image,after\0215.jpg
before\0103.jpg,remove snow from the image,after\0103.jpg
before\0768.jpg,remove haze from the image,after\0768.jpg
before\0169.jpg,remove snow from the image,after\0169.jpg
before\0992.png,remove rain from the image,after\0992.png
before\0560.png,remove raindrops from the image,after\0560.png
before\0702.png,remove haze from the image,after\0702.png
before\0581.png,remove raindrops from the image,after\0581.png
before\0726.jpg,remove haze from the image,after\0726.jpg
before\0488.png,remove raindrops from the image,after\0488.png
before\0700.png,remove haze from the image,after\0700.png
before\1070.png,remove rain from the image,after\1070.png
before\1187.png,remove rain from the image,after\1187.png
before\0358.png,remove raindrops from the image,after\0358.png
before\0437.png,remove raindrops from the image,after\0437.png
before\0737.jpg,remove haze from the image,after\0737.jpg
before\0198.jpg,remove snow from the image,after\0198.jpg
before\0001.png,remove snow from the image,after\0001.png
before\0928.png,remove rain from the image,after\0928.png
before\0364.png,remove raindrops from the image,after\0364.png
before\0777.jpg,remove haze from the image,after\0777.jpg
before\0935.png,remove rain from the image,after\0935.png
before\1141.png,remove rain from the image,after\1141.png
before\0073.png,remove snow from the image,after\0073.png
before\1047.png,remove rain from the image,after\1047.png
before\0300.png,remove snow from the image,after\0300.png
before\0762.jpg,remove haze from the image,after\0762.jpg
before\0541.png,remove raindrops from the image,after\0541.png
before\1152.png,remove rain from the image,after\1152.png
before\0192.jpg,remove snow from the image,after\0192.jpg
before\0914.png,remove rain from the image,after\0914.png
before\0248.jpg,remove snow from the image,after\0248.jpg
before\1133.png,remove rain from the image,after\1133.png
before\1148.png,remove rain from the image,after\1148.png
before\0615.png,remove haze from the image,after\0615.png
before\1004.png,remove rain from the image,after\1004.png
before\0052.png,remove snow from the image,after\0052.png
before\1072.png,remove rain from the image,after\1072.png
before\0695.png,remove haze from the image,after\0695.png
before\1090.png,remove rain from the image,after\1090.png
before\0179.jpg,remove snow from the image,after\0179.jpg
before\0165.jpg,remove snow from the image,after\0165.jpg
before\0516.png,remove raindrops from the image,after\0516.png
before\0223.jpg,remove snow from the image,after\0223.jpg
before\0676.png,remove haze from the image,after\0676.png
before\0343.png,remove raindrops from the image,after\0343.png
before\0598.png,remove raindrops from the image,after\0598.png
before\0937.png,remove rain from the image,after\0937.png
before\1126.png,remove rain from the image,after\1126.png
before\0133.jpg,remove snow from the image,after\0133.jpg
before\1150.png,remove rain from the image,after\1150.png
before\0221.jpg,remove snow from the image,after\0221.jpg
before\0394.png,remove raindrops from the image,after\0394.png
before\0420.png,remove raindrops from the image,after\0420.png
before\1043.png,remove rain from the image,after\1043.png
before\0464.png,remove raindrops from the image,after\0464.png
before\0619.png,remove haze from the image,after\0619.png
before\0991.png,remove rain from the image,after\0991.png
before\0050.png,remove snow from the image,after\0050.png
before\1194.png,remove rain from the image,after\1194.png
before\0325.png,remove raindrops from the image,after\0325.png
before\0088.png,remove snow from the image,after\0088.png
before\0140.jpg,remove snow from the image,after\0140.jpg
before\0829.jpg,remove haze from the image,after\0829.jpg
before\0947.png,remove rain from the image,after\0947.png
before\0467.png,remove raindrops from the image,after\0467.png
before\0526.png,remove raindrops from the image,after\0526.png
before\0412.png,remove raindrops from the image,after\0412.png
before\1160.png,remove rain from the image,after\1160.png
before\0324.png,remove raindrops from the image,after\0324.png
before\1020.png,remove rain from the image,after\1020.png
before\0646.png,remove haze from the image,after\0646.png
before\0512.png,remove raindrops from the image,after\0512.png
before\0818.jpg,remove haze from the image,after\0818.jpg
before\1046.png,remove rain from the image,after\1046.png
before\0649.png,remove haze from the image,after\0649.png
before\0930.png,remove rain from the image,after\0930.png
before\0354.png,remove raindrops from the image,after\0354.png
before\0675.png,remove haze from the image,after\0675.png
before\0771.jpg,remove haze from the image,after\0771.jpg
before\0222.jpg,remove snow from the image,after\0222.jpg
before\0506.png,remove raindrops from the image,after\0506.png
before\0887.jpg,remove haze from the image,after\0887.jpg
before\0665.png,remove haze from the image,after\0665.png
before\0184.jpg,remove snow from the image,after\0184.jpg
before\0589.png,remove raindrops from the image,after\0589.png
before\1155.png,remove rain from the image,after\1155.png
before\0821.jpg,remove haze from the image,after\0821.jpg
before\0188.jpg,remove snow from the image,after\0188.jpg
before\1017.png,remove rain from the image,after\1017.png
before\0508.png,remove raindrops from the image,after\0508.png
before\0698.png,remove haze from the image,after\0698.png
before\0765.jpg,remove haze from the image,after\0765.jpg
before\1057.png,remove rain from the image,after\1057.png
before\1117.png,remove rain from the image,after\1117.png
before\0017.png,remove snow from the image,after\0017.png
before\0442.png,remove raindrops from the image,after\0442.png
before\0552.png,remove raindrops from the image,after\0552.png
before\0626.png,remove haze from the image,after\0626.png
before\0156.jpg,remove snow from the image,after\0156.jpg
before\0055.png,remove snow from the image,after\0055.png
before\0337.png,remove raindrops from the image,after\0337.png
before\0999.png,remove rain from the image,after\0999.png
before\0929.png,remove rain from the image,after\0929.png
before\0575.png,remove raindrops from the image,after\0575.png
before\0104.jpg,remove snow from the image,after\0104.jpg
before\0731.jpg,remove haze from the image,after\0731.jpg
before\0194.jpg,remove snow from the image,after\0194.jpg
before\0728.jpg,remove haze from the image,after\0728.jpg
before\0761.jpg,remove haze from the image,after\0761.jpg
before\0197.jpg,remove snow from the image,after\0197.jpg
before\0493.png,remove raindrops from the image,after\0493.png
before\0233.jpg,remove snow from the image,after\0233.jpg
before\0514.png,remove raindrops from the image,after\0514.png
before\0522.png,remove raindrops from the image,after\0522.png
before\0243.jpg,remove snow from the image,after\0243.jpg
before\1193.png,remove rain from the image,after\1193.png
before\0310.png,remove raindrops from the image,after\0310.png
before\0622.png,remove haze from the image,after\0622.png
before\0915.png,remove rain from the image,after\0915.png
before\0391.png,remove raindrops from the image,after\0391.png
before\0955.png,remove rain from the image,after\0955.png
before\0399.png,remove raindrops from the image,after\0399.png
before\0451.png,remove raindrops from the image,after\0451.png
before\0101.jpg,remove snow from the image,after\0101.jpg
before\0020.png,remove snow from the image,after\0020.png
before\0745.jpg,remove haze from the image,after\0745.jpg
before\0080.png,remove snow from the image,after\0080.png
before\0351.png,remove raindrops from the image,after\0351.png
before\0986.png,remove rain from the image,after\0986.png
before\0161.jpg,remove snow from the image,after\0161.jpg
before\0246.jpg,remove snow from the image,after\0246.jpg
before\0910.png,remove rain from the image,after\0910.png
before\1010.png,remove rain from the image,after\1010.png
before\1084.png,remove rain from the image,after\1084.png
before\1085.png,remove rain from the image,after\1085.png
before\0730.jpg,remove haze from the image,after\0730.jpg
before\1102.png,remove rain from the image,after\1102.png
before\0477.png,remove raindrops from the image,after\0477.png
before\0392.png,remove raindrops from the image,after\0392.png
before\0481.png,remove raindrops from the image,after\0481.png
before\0976.png,remove rain from the image,after\0976.png
before\0314.png,remove raindrops from the image,after\0314.png
before\0866.jpg,remove haze from the image,after\0866.jpg
before\0365.png,remove raindrops from the image,after\0365.png
before\1110.png,remove rain from the image,after\1110.png
before\0470.png,remove raindrops from the image,after\0470.png
before\0809.jpg,remove haze from the image,after\0809.jpg
before\1093.png,remove rain from the image,after\1093.png
before\0415.png,remove raindrops from the image,after\0415.png
before\0280.jpg,remove snow from the image,after\0280.jpg
before\1151.png,remove rain from the image,after\1151.png
before\0769.jpg,remove haze from the image,after\0769.jpg
before\0292.jpg,remove snow from the image,after\0292.jpg
before\0384.png,remove raindrops from the image,after\0384.png
before\0984.png,remove rain from the image,after\0984.png
before\0162.jpg,remove snow from the image,after\0162.jpg
before\1079.png,remove rain from the image,after\1079.png
before\0811.jpg,remove haze from the image,after\0811.jpg
before\0568.png,remove raindrops from the image,after\0568.png
before\0185.jpg,remove snow from the image,after\0185.jpg
before\0634.png,remove haze from the image,after\0634.png
before\0652.png,remove haze from the image,after\0652.png
before\0792.jpg,remove haze from the image,after\0792.jpg
before\1106.png,remove rain from the image,after\1106.png
before\0058.png,remove snow from the image,after\0058.png
before\0788.jpg,remove haze from the image,after\0788.jpg
before\0688.png,remove haze from the image,after\0688.png
before\0449.png,remove raindrops from the image,after\0449.png
before\0463.png,remove raindrops from the image,after\0463.png
before\0368.png,remove raindrops from the image,after\0368.png
before\0807.jpg,remove haze from the image,after\0807.jpg
before\0386.png,remove raindrops from the image,after\0386.png
before\0380.png,remove raindrops from the image,after\0380.png
before\1022.png,remove rain from the image,after\1022.png
before\0387.png,remove raindrops from the image,after\0387.png
before\1014.png,remove rain from the image,after\1014.png
before\0030.png,remove snow from the image,after\0030.png
before\0349.png,remove raindrops from the image,after\0349.png
before\0236.jpg,remove snow from the image,after\0236.jpg
before\0116.jpg,remove snow from the image,after\0116.jpg
before\0738.jpg,remove haze from the image,after\0738.jpg
before\1177.png,remove rain from the image,after\1177.png
before\0367.png,remove raindrops from the image,after\0367.png
before\0620.png,remove haze from the image,after\0620.png
before\1139.png,remove rain from the image,after\1139.png
before\1060.png,remove rain from the image,after\1060.png
before\0253.jpg,remove snow from the image,after\0253.jpg
before\1058.png,remove rain from the image,after\1058.png
before\0122.jpg,remove snow from the image,after\0122.jpg
before\1082.png,remove rain from the image,after\1082.png
before\0100.png,remove snow from the image,after\0100.png
before\0644.png,remove haze from the image,after\0644.png
before\0891.jpg,remove haze from the image,after\0891.jpg
before\0335.png,remove raindrops from the image,after\0335.png
before\0456.png,remove raindrops from the image,after\0456.png
before\0895.jpg,remove haze from the image,after\0895.jpg
before\0912.png,remove rain from the image,after\0912.png
before\0379.png,remove raindrops from the image,after\0379.png
before\0241.jpg,remove snow from the image,after\0241.jpg
before\0957.png,remove rain from the image,after\0957.png
before\0007.png,remove snow from the image,after\0007.png
before\0606.png,remove haze from the image,after\0606.png
before\0940.png,remove rain from the image,after\0940.png
before\0945.png,remove rain from the image,after\0945.png
before\0381.png,remove raindrops from the image,after\0381.png
before\0153.jpg,remove snow from the image,after\0153.jpg
before\0658.png,remove haze from the image,after\0658.png
before\1168.png,remove rain from the image,after\1168.png
before\1183.png,remove rain from the image,after\1183.png
before\0873.jpg,remove haze from the image,after\0873.jpg
before\0312.png,remove raindrops from the image,after\0312.png
before\1131.png,remove rain from the image,after\1131.png
before\0584.png,remove raindrops from the image,after\0584.png
before\0408.png,remove raindrops from the image,after\0408.png
before\1027.png,remove rain from the image,after\1027.png
before\0305.png,remove raindrops from the image,after\0305.png
before\0517.png,remove raindrops from the image,after\0517.png
before\0822.jpg,remove haze from the image,after\0822.jpg
before\1173.png,remove rain from the image,after\1173.png
before\0200.jpg,remove snow from the image,after\0200.jpg
before\0987.png,remove rain from the image,after\0987.png
before\0087.png,remove snow from the image,after\0087.png
before\0553.png,remove raindrops from the image,after\0553.png
before\0810.jpg,remove haze from the image,after\0810.jpg
before\0736.jpg,remove haze from the image,after\0736.jpg
before\0583.png,remove raindrops from the image,after\0583.png
before\1103.png,remove rain from the image,after\1103.png
before\0594.png,remove raindrops from the image,after\0594.png
before\0994.png,remove rain from the image,after\0994.png
before\1118.png,remove rain from the image,after\1118.png
before\0054.png,remove snow from the image,after\0054.png
before\1142.png,remove rain from the image,after\1142.png
before\1033.png,remove rain from the image,after\1033.png
before\0363.png,remove raindrops from the image,after\0363.png
before\0744.jpg,remove haze from the image,after\0744.jpg
before\0011.png,remove snow from the image,after\0011.png
before\0097.png,remove snow from the image,after\0097.png
before\0290.jpg,remove snow from the image,after\0290.jpg
before\0272.jpg,remove snow from the image,after\0272.jpg
before\1140.png,remove rain from the image,after\1140.png
before\1080.png,remove rain from the image,after\1080.png
before\0362.png,remove raindrops from the image,after\0362.png
before\1156.png,remove rain from the image,after\1156.png
before\1040.png,remove rain from the image,after\1040.png
before\1076.png,remove rain from the image,after\1076.png
before\1054.png,remove rain from the image,after\1054.png
before\0440.png,remove raindrops from the image,after\0440.png
before\0608.png,remove haze from the image,after\0608.png
before\0465.png,remove raindrops from the image,after\0465.png
before\0117.jpg,remove snow from the image,after\0117.jpg
before\0186.jpg,remove snow from the image,after\0186.jpg
before\0123.jpg,remove snow from the image,after\0123.jpg
before\0661.png,remove haze from the image,after\0661.png
before\0727.jpg,remove haze from the image,after\0727.jpg
before\0157.jpg,remove snow from the image,after\0157.jpg
before\0885.jpg,remove haze from the image,after\0885.jpg
before\0766.jpg,remove haze from the image,after\0766.jpg
before\0862.jpg,remove haze from the image,after\0862.jpg
before\0146.jpg,remove snow from the image,after\0146.jpg
before\0545.png,remove raindrops from the image,after\0545.png
before\0793.jpg,remove haze from the image,after\0793.jpg
before\0487.png,remove raindrops from the image,after\0487.png
before\0939.png,remove rain from the image,after\0939.png
before\0106.jpg,remove snow from the image,after\0106.jpg
before\1051.png,remove rain from the image,after\1051.png
before\1195.png,remove rain from the image,after\1195.png
before\0671.png,remove haze from the image,after\0671.png
before\1199.png,remove rain from the image,after\1199.png
before\1003.png,remove rain from the image,after\1003.png
before\1111.png,remove rain from the image,after\1111.png
before\1023.png,remove rain from the image,after\1023.png
before\0284.jpg,remove snow from the image,after\0284.jpg
before\1123.png,remove rain from the image,after\1123.png
before\0143.jpg,remove snow from the image,after\0143.jpg
before\0486.png,remove raindrops from the image,after\0486.png
before\0113.jpg,remove snow from the image,after\0113.jpg
before\0854.jpg,remove haze from the image,after\0854.jpg
before\0018.png,remove snow from the image,after\0018.png
before\0396.png,remove raindrops from the image,after\0396.png
before\0263.jpg,remove snow from the image,after\0263.jpg
before\0677.png,remove haze from the image,after\0677.png
before\0614.png,remove haze from the image,after\0614.png
before\0774.jpg,remove haze from the image,after\0774.jpg
before\1113.png,remove rain from the image,after\1113.png
before\0747.jpg,remove haze from the image,after\0747.jpg
before\0790.jpg,remove haze from the image,after\0790.jpg
before\0749.jpg,remove haze from the image,after\0749.jpg
before\1018.png,remove rain from the image,after\1018.png
before\0409.png,remove raindrops from the image,after\0409.png
before\0278.jpg,remove snow from the image,after\0278.jpg
before\0864.jpg,remove haze from the image,after\0864.jpg
before\1181.png,remove rain from the image,after\1181.png
before\0418.png,remove raindrops from the image,after\0418.png
before\0833.jpg,remove haze from the image,after\0833.jpg
before\0832.jpg,remove haze from the image,after\0832.jpg
before\1200.png,remove rain from the image,after\1200.png
before\0564.png,remove raindrops from the image,after\0564.png
before\0660.png,remove haze from the image,after\0660.png
before\0426.png,remove raindrops from the image,after\0426.png
before\0149.jpg,remove snow from the image,after\0149.jpg
before\1074.png,remove rain from the image,after\1074.png
before\0641.png,remove haze from the image,after\0641.png
before\0294.jpg,remove snow from the image,after\0294.jpg
before\0973.png,remove rain from the image,after\0973.png
before\1029.png,remove rain from the image,after\1029.png
before\1178.png,remove rain from the image,after\1178.png
before\0876.jpg,remove haze from the image,after\0876.jpg
before\0767.jpg,remove haze from the image,after\0767.jpg
before\0839.jpg,remove haze from the image,after\0839.jpg
before\0735.jpg,remove haze from the image,after\0735.jpg
before\0213.jpg,remove snow from the image,after\0213.jpg
before\0098.png,remove snow from the image,after\0098.png
before\0919.png,remove rain from the image,after\0919.png
before\0323.png,remove raindrops from the image,after\0323.png
before\0163.jpg,remove snow from the image,after\0163.jpg
before\1038.png,remove rain from the image,after\1038.png
before\1105.png,remove rain from the image,after\1105.png
before\0971.png,remove rain from the image,after\0971.png
before\0139.jpg,remove snow from the image,after\0139.jpg
before\0036.png,remove snow from the image,after\0036.png
before\1067.png,remove rain from the image,after\1067.png
before\0770.jpg,remove haze from the image,after\0770.jpg
before\0131.jpg,remove snow from the image,after\0131.jpg
before\1087.png,remove rain from the image,after\1087.png
before\0651.png,remove haze from the image,after\0651.png
before\0028.png,remove snow from the image,after\0028.png
before\0443.png,remove raindrops from the image,after\0443.png
before\0254.jpg,remove snow from the image,after\0254.jpg
before\0045.png,remove snow from the image,after\0045.png
before\0485.png,remove raindrops from the image,after\0485.png
before\0927.png,remove rain from the image,after\0927.png
before\0848.jpg,remove haze from the image,after\0848.jpg
before\0448.png,remove raindrops from the image,after\0448.png
before\1059.png,remove rain from the image,after\1059.png
before\1061.png,remove rain from the image,after\1061.png
before\0613.png,remove haze from the image,after\0613.png
before\1055.png,remove rain from the image,after\1055.png
before\0099.png,remove snow from the image,after\0099.png
before\0171.jpg,remove snow from the image,after\0171.jpg
before\0585.png,remove raindrops from the image,after\0585.png
before\0242.jpg,remove snow from the image,after\0242.jpg
before\0878.jpg,remove haze from the image,after\0878.jpg
before\0383.png,remove raindrops from the image,after\0383.png
before\1019.png,remove rain from the image,after\1019.png
before\0338.png,remove raindrops from the image,after\0338.png
before\1145.png,remove rain from the image,after\1145.png
before\0145.jpg,remove snow from the image,after\0145.jpg
before\0595.png,remove raindrops from the image,after\0595.png
before\0429.png,remove raindrops from the image,after\0429.png
before\0492.png,remove raindrops from the image,after\0492.png
before\0352.png,remove raindrops from the image,after\0352.png
before\0005.png,remove snow from the image,after\0005.png
before\0321.png,remove raindrops from the image,after\0321.png
before\0784.jpg,remove haze from the image,after\0784.jpg
before\0091.png,remove snow from the image,after\0091.png
before\0051.png,remove snow from the image,after\0051.png
before\0804.jpg,remove haze from the image,after\0804.jpg
before\0694.png,remove haze from the image,after\0694.png
before\1063.png,remove rain from the image,after\1063.png
before\0210.jpg,remove snow from the image,after\0210.jpg
before\0066.png,remove snow from the image,after\0066.png
before\0950.png,remove rain from the image,after\0950.png
before\0836.jpg,remove haze from the image,after\0836.jpg
before\0561.png,remove raindrops from the image,after\0561.png
before\0482.png,remove raindrops from the image,after\0482.png
before\0289.jpg,remove snow from the image,after\0289.jpg
before\0219.jpg,remove snow from the image,after\0219.jpg
before\0297.jpg,remove snow from the image,after\0297.jpg
before\1143.png,remove rain from the image,after\1143.png
before\0902.png,remove rain from the image,after\0902.png
before\0946.png,remove rain from the image,after\0946.png
before\0014.png,remove snow from the image,after\0014.png
before\0189.jpg,remove snow from the image,after\0189.jpg
before\0458.png,remove raindrops from the image,after\0458.png
before\0166.jpg,remove snow from the image,after\0166.jpg
before\0173.jpg,remove snow from the image,after\0173.jpg
before\1153.png,remove rain from the image,after\1153.png
before\0142.jpg,remove snow from the image,after\0142.jpg
before\0256.jpg,remove snow from the image,after\0256.jpg
before\0092.png,remove snow from the image,after\0092.png
before\0547.png,remove raindrops from the image,after\0547.png
before\0119.jpg,remove snow from the image,after\0119.jpg
before\0012.png,remove snow from the image,after\0012.png
before\0591.png,remove raindrops from the image,after\0591.png
before\0027.png,remove snow from the image,after\0027.png
before\0285.jpg,remove snow from the image,after\0285.jpg
before\0617.png,remove haze from the image,after\0617.png
before\0980.png,remove rain from the image,after\0980.png
before\1196.png,remove rain from the image,after\1196.png
before\0742.jpg,remove haze from the image,after\0742.jpg
before\0209.jpg,remove snow from the image,after\0209.jpg
before\0819.jpg,remove haze from the image,after\0819.jpg
before\0959.png,remove rain from the image,after\0959.png
before\0031.png,remove snow from the image,after\0031.png
before\0998.png,remove rain from the image,after\0998.png
before\0499.png,remove raindrops from the image,after\0499.png
before\0710.png,remove haze from the image,after\0710.png
before\1185.png,remove rain from the image,after\1185.png
before\1099.png,remove rain from the image,after\1099.png
before\0330.png,remove raindrops from the image,after\0330.png
before\0993.png,remove rain from the image,after\0993.png
before\0268.jpg,remove snow from the image,after\0268.jpg
before\0699.png,remove haze from the image,after\0699.png
before\0631.png,remove haze from the image,after\0631.png
before\1104.png,remove rain from the image,after\1104.png
before\0433.png,remove raindrops from the image,after\0433.png
before\1006.png,remove rain from the image,after\1006.png
before\0206.jpg,remove snow from the image,after\0206.jpg
before\0757.jpg,remove haze from the image,after\0757.jpg
before\0238.jpg,remove snow from the image,after\0238.jpg
before\0472.png,remove raindrops from the image,after\0472.png
before\0466.png,remove raindrops from the image,after\0466.png
before\0624.png,remove haze from the image,after\0624.png
before\0798.jpg,remove haze from the image,after\0798.jpg
before\0033.png,remove snow from the image,after\0033.png
before\0685.png,remove haze from the image,after\0685.png
before\0588.png,remove raindrops from the image,after\0588.png
before\0523.png,remove raindrops from the image,after\0523.png
before\0497.png,remove raindrops from the image,after\0497.png
before\1086.png,remove rain from the image,after\1086.png
before\0781.jpg,remove haze from the image,after\0781.jpg
before\0696.png,remove haze from the image,after\0696.png
before\1041.png,remove rain from the image,after\1041.png
before\0430.png,remove raindrops from the image,after\0430.png
before\0326.png,remove raindrops from the image,after\0326.png
before\0244.jpg,remove snow from the image,after\0244.jpg
before\0524.png,remove raindrops from the image,after\0524.png
before\0844.jpg,remove haze from the image,after\0844.jpg
before\0722.jpg,remove haze from the image,after\0722.jpg
before\0034.png,remove snow from the image,after\0034.png
before\0327.png,remove raindrops from the image,after\0327.png
before\0108.jpg,remove snow from the image,after\0108.jpg
before\0274.jpg,remove snow from the image,after\0274.jpg
before\1158.png,remove rain from the image,after\1158.png
before\0780.jpg,remove haze from the image,after\0780.jpg
before\0600.png,remove raindrops from the image,after\0600.png
before\0299.jpg,remove snow from the image,after\0299.jpg
before\0776.jpg,remove haze from the image,after\0776.jpg
before\0689.png,remove haze from the image,after\0689.png
before\0120.jpg,remove snow from the image,after\0120.jpg
before\0083.png,remove snow from the image,after\0083.png
before\0401.png,remove raindrops from the image,after\0401.png
before\0851.jpg,remove haze from the image,after\0851.jpg
before\1180.png,remove rain from the image,after\1180.png
before\1114.png,remove rain from the image,after\1114.png
before\0704.png,remove haze from the image,after\0704.png
before\0814.jpg,remove haze from the image,after\0814.jpg
before\1045.png,remove rain from the image,after\1045.png
before\1091.png,remove rain from the image,after\1091.png
before\0446.png,remove raindrops from the image,after\0446.png
before\1025.png,remove rain from the image,after\1025.png
before\1169.png,remove rain from the image,after\1169.png
before\1125.png,remove rain from the image,after\1125.png
before\0610.png,remove haze from the image,after\0610.png
before\0800.jpg,remove haze from the image,after\0800.jpg
before\0748.jpg,remove haze from the image,after\0748.jpg
before\0802.jpg,remove haze from the image,after\0802.jpg
before\0086.png,remove snow from the image,after\0086.png
before\0715.jpg,remove haze from the image,after\0715.jpg
before\0317.png,remove raindrops from the image,after\0317.png
before\0791.jpg,remove haze from the image,after\0791.jpg
before\0724.jpg,remove haze from the image,after\0724.jpg
before\0026.png,remove snow from the image,after\0026.png
before\0611.png,remove haze from the image,after\0611.png
before\0376.png,remove raindrops from the image,after\0376.png
before\1159.png,remove rain from the image,after\1159.png
before\0565.png,remove raindrops from the image,after\0565.png
before\0250.jpg,remove snow from the image,after\0250.jpg
before\0956.png,remove rain from the image,after\0956.png
before\1016.png,remove rain from the image,after\1016.png
before\0901.png,remove rain from the image,after\0901.png
before\0494.png,remove raindrops from the image,after\0494.png
before\0348.png,remove raindrops from the image,after\0348.png
before\0260.jpg,remove snow from the image,after\0260.jpg
before\0267.jpg,remove snow from the image,after\0267.jpg
before\0057.png,remove snow from the image,after\0057.png
before\0469.png,remove raindrops from the image,after\0469.png
before\1078.png,remove rain from the image,after\1078.png
before\0421.png,remove raindrops from the image,after\0421.png
before\1109.png,remove rain from the image,after\1109.png
before\0967.png,remove rain from the image,after\0967.png
before\1132.png,remove rain from the image,after\1132.png
before\0273.jpg,remove snow from the image,after\0273.jpg
before\0899.jpg,remove haze from the image,after\0899.jpg
before\0378.png,remove raindrops from the image,after\0378.png
before\0539.png,remove raindrops from the image,after\0539.png
before\0759.jpg,remove haze from the image,after\0759.jpg
before\0733.jpg,remove haze from the image,after\0733.jpg
before\1166.png,remove rain from the image,after\1166.png
before\0527.png,remove raindrops from the image,after\0527.png
before\0454.png,remove raindrops from the image,after\0454.png
before\0013.png,remove snow from the image,after\0013.png
before\0654.png,remove haze from the image,after\0654.png
before\0621.png,remove haze from the image,after\0621.png
before\0760.jpg,remove haze from the image,after\0760.jpg
before\0346.png,remove raindrops from the image,after\0346.png
before\0308.png,remove raindrops from the image,after\0308.png
before\0398.png,remove raindrops from the image,after\0398.png
before\0035.png,remove snow from the image,after\0035.png
before\0400.png,remove raindrops from the image,after\0400.png
before\0803.jpg,remove haze from the image,after\0803.jpg
before\0593.png,remove raindrops from the image,after\0593.png
before\1021.png,remove rain from the image,after\1021.png
before\0740.jpg,remove haze from the image,after\0740.jpg
before\0559.png,remove raindrops from the image,after\0559.png
before\0318.png,remove raindrops from the image,after\0318.png
before\0846.jpg,remove haze from the image,after\0846.jpg
before\0775.jpg,remove haze from the image,after\0775.jpg
before\0301.png,remove raindrops from the image,after\0301.png
before\0434.png,remove raindrops from the image,after\0434.png
before\0159.jpg,remove snow from the image,after\0159.jpg
before\0989.png,remove rain from the image,after\0989.png
before\0291.jpg,remove snow from the image,after\0291.jpg
before\0692.png,remove haze from the image,after\0692.png
before\1122.png,remove rain from the image,after\1122.png
before\0911.png,remove rain from the image,after\0911.png
before\0968.png,remove rain from the image,after\0968.png
before\0817.jpg,remove haze from the image,after\0817.jpg
before\0043.png,remove snow from the image,after\0043.png
before\0896.jpg,remove haze from the image,after\0896.jpg
before\0114.jpg,remove snow from the image,after\0114.jpg
before\0918.png,remove rain from the image,after\0918.png
before\1015.png,remove rain from the image,after\1015.png
before\0373.png,remove raindrops from the image,after\0373.png
before\0059.png,remove snow from the image,after\0059.png
before\1008.png,remove rain from the image,after\1008.png
before\0175.jpg,remove snow from the image,after\0175.jpg
before\0501.png,remove raindrops from the image,after\0501.png
before\0857.jpg,remove haze from the image,after\0857.jpg
before\0572.png,remove raindrops from the image,after\0572.png
before\0388.png,remove raindrops from the image,after\0388.png
before\0411.png,remove raindrops from the image,after\0411.png
before\0109.jpg,remove snow from the image,after\0109.jpg
before\0538.png,remove raindrops from the image,after\0538.png
before\0382.png,remove raindrops from the image,after\0382.png
before\0931.png,remove rain from the image,after\0931.png
before\0845.jpg,remove haze from the image,after\0845.jpg
before\0484.png,remove raindrops from the image,after\0484.png
before\0732.jpg,remove haze from the image,after\0732.jpg
before\0666.png,remove haze from the image,after\0666.png
before\1119.png,remove rain from the image,after\1119.png
before\1108.png,remove rain from the image,after\1108.png
before\0795.jpg,remove haze from the image,after\0795.jpg
before\0827.jpg,remove haze from the image,after\0827.jpg
before\0496.png,remove raindrops from the image,after\0496.png
before\0779.jpg,remove haze from the image,after\0779.jpg
before\0275.jpg,remove snow from the image,after\0275.jpg
before\0148.jpg,remove snow from the image,after\0148.jpg
before\1124.png,remove rain from the image,after\1124.png
before\0970.png,remove rain from the image,after\0970.png
before\0258.jpg,remove snow from the image,after\0258.jpg
before\0475.png,remove raindrops from the image,after\0475.png
before\0105.jpg,remove snow from the image,after\0105.jpg
before\1077.png,remove rain from the image,after\1077.png
before\0124.jpg,remove snow from the image,after\0124.jpg
before\0708.png,remove haze from the image,after\0708.png
before\0985.png,remove rain from the image,after\0985.png
before\0657.png,remove haze from the image,after\0657.png
before\0974.png,remove rain from the image,after\0974.png
before\0374.png,remove raindrops from the image,after\0374.png
before\0764.jpg,remove haze from the image,after\0764.jpg
before\1137.png,remove rain from the image,after\1137.png
before\0515.png,remove raindrops from the image,after\0515.png
before\0962.png,remove rain from the image,after\0962.png
before\0174.jpg,remove snow from the image,after\0174.jpg
before\0900.jpg,remove haze from the image,after\0900.jpg
before\0670.png,remove haze from the image,after\0670.png
before\0597.png,remove raindrops from the image,after\0597.png
before\0266.jpg,remove snow from the image,after\0266.jpg
before\0952.png,remove rain from the image,after\0952.png
before\0599.png,remove raindrops from the image,after\0599.png
before\0435.png,remove raindrops from the image,after\0435.png
before\0168.jpg,remove snow from the image,after\0168.jpg
before\0519.png,remove raindrops from the image,after\0519.png
before\1066.png,remove rain from the image,after\1066.png
before\0872.jpg,remove haze from the image,after\0872.jpg
before\0049.png,remove snow from the image,after\0049.png
before\0741.jpg,remove haze from the image,after\0741.jpg
before\0353.png,remove raindrops from the image,after\0353.png
before\1120.png,remove rain from the image,after\1120.png
before\0916.png,remove rain from the image,after\0916.png
before\0609.png,remove haze from the image,after\0609.png
before\0725.jpg,remove haze from the image,after\0725.jpg
before\0707.png,remove haze from the image,after\0707.png
before\0566.png,remove raindrops from the image,after\0566.png
before\0953.png,remove rain from the image,after\0953.png
before\0286.jpg,remove snow from the image,after\0286.jpg
before\0701.png,remove haze from the image,after\0701.png
before\0112.jpg,remove snow from the image,after\0112.jpg
before\0136.jpg,remove snow from the image,after\0136.jpg
before\0948.png,remove rain from the image,after\0948.png
before\0110.jpg,remove snow from the image,after\0110.jpg
before\0936.png,remove rain from the image,after\0936.png
before\0216.jpg,remove snow from the image,after\0216.jpg
before\0503.png,remove raindrops from the image,after\0503.png
before\0837.jpg,remove haze from the image,after\0837.jpg
before\0720.jpg,remove haze from the image,after\0720.jpg
before\1176.png,remove rain from the image,after\1176.png
before\0577.png,remove raindrops from the image,after\0577.png
before\0835.jpg,remove haze from the image,after\0835.jpg
before\0068.png,remove snow from the image,after\0068.png
before\0255.jpg,remove snow from the image,after\0255.jpg
before\1026.png,remove rain from the image,after\1026.png
before\0187.jpg,remove snow from the image,after\0187.jpg
before\0825.jpg,remove haze from the image,after\0825.jpg
before\0711.jpg,remove haze from the image,after\0711.jpg
before\0627.png,remove haze from the image,after\0627.png
before\1001.png,remove rain from the image,after\1001.png
before\0339.png,remove raindrops from the image,after\0339.png
before\0697.png,remove haze from the image,after\0697.png
before\0555.png,remove raindrops from the image,after\0555.png
before\0064.png,remove snow from the image,after\0064.png
before\0042.png,remove snow from the image,after\0042.png
before\0479.png,remove raindrops from the image,after\0479.png
before\0287.jpg,remove snow from the image,after\0287.jpg
before\0562.png,remove raindrops from the image,after\0562.png
before\0096.png,remove snow from the image,after\0096.png
before\0664.png,remove haze from the image,after\0664.png
before\0102.jpg,remove snow from the image,after\0102.jpg
before\0719.jpg,remove haze from the image,after\0719.jpg
before\1188.png,remove rain from the image,after\1188.png
before\0061.png,remove snow from the image,after\0061.png
before\0897.jpg,remove haze from the image,after\0897.jpg
before\0758.jpg,remove haze from the image,after\0758.jpg
before\0397.png,remove raindrops from the image,after\0397.png
before\0975.png,remove rain from the image,after\0975.png
before\0778.jpg,remove haze from the image,after\0778.jpg
before\0298.jpg,remove snow from the image,after\0298.jpg
before\0525.png,remove raindrops from the image,after\0525.png
before\0056.png,remove snow from the image,after\0056.png
before\0537.png,remove raindrops from the image,after\0537.png
before\0002.png,remove snow from the image,after\0002.png
before\1044.png,remove rain from the image,after\1044.png
before\0357.png,remove raindrops from the image,after\0357.png
before\0753.jpg,remove haze from the image,after\0753.jpg
before\1170.png,remove rain from the image,after\1170.png
before\0518.png,remove raindrops from the image,after\0518.png
before\0447.png,remove raindrops from the image,after\0447.png
before\0130.jpg,remove snow from the image,after\0130.jpg
before\1171.png,remove rain from the image,after\1171.png
before\0419.png,remove raindrops from the image,after\0419.png
before\0468.png,remove raindrops from the image,after\0468.png
before\1179.png,remove rain from the image,after\1179.png
before\0861.jpg,remove haze from the image,after\0861.jpg
before\1164.png,remove rain from the image,after\1164.png
before\0125.jpg,remove snow from the image,after\0125.jpg
before\0729.jpg,remove haze from the image,after\0729.jpg
before\0067.png,remove snow from the image,after\0067.png
before\0691.png,remove haze from the image,after\0691.png
before\1121.png,remove rain from the image,after\1121.png
before\0544.png,remove raindrops from the image,after\0544.png
before\0648.png,remove haze from the image,after\0648.png
before\0336.png,remove raindrops from the image,after\0336.png
before\0015.png,remove snow from the image,after\0015.png
before\0329.png,remove raindrops from the image,after\0329.png
before\0231.jpg,remove snow from the image,after\0231.jpg
before\0988.png,remove rain from the image,after\0988.png
before\1107.png,remove rain from the image,after\1107.png
before\0917.png,remove rain from the image,after\0917.png
before\0320.png,remove raindrops from the image,after\0320.png
before\1037.png,remove rain from the image,after\1037.png
before\0229.jpg,remove snow from the image,after\0229.jpg
before\0158.jpg,remove snow from the image,after\0158.jpg
before\0582.png,remove raindrops from the image,after\0582.png
before\0203.jpg,remove snow from the image,after\0203.jpg
before\0756.jpg,remove haze from the image,after\0756.jpg
before\0532.png,remove raindrops from the image,after\0532.png
before\0313.png,remove raindrops from the image,after\0313.png
before\0893.jpg,remove haze from the image,after\0893.jpg
before\0721.jpg,remove haze from the image,after\0721.jpg
before\1186.png,remove rain from the image,after\1186.png
before\0078.png,remove snow from the image,after\0078.png
before\0245.jpg,remove snow from the image,after\0245.jpg
before\0816.jpg,remove haze from the image,after\0816.jpg
before\0071.png,remove snow from the image,after\0071.png
before\0909.png,remove rain from the image,after\0909.png
before\1182.png,remove rain from the image,after\1182.png
before\0220.jpg,remove snow from the image,after\0220.jpg
before\1002.png,remove rain from the image,after\1002.png
before\0190.jpg,remove snow from the image,after\0190.jpg
before\0459.png,remove raindrops from the image,after\0459.png
before\0961.png,remove rain from the image,after\0961.png
before\0570.png,remove raindrops from the image,after\0570.png
before\0996.png,remove rain from the image,after\0996.png
before\0616.png,remove haze from the image,after\0616.png
before\0808.jpg,remove haze from the image,after\0808.jpg
before\0867.jpg,remove haze from the image,after\0867.jpg
before\0718.jpg,remove haze from the image,after\0718.jpg
before\0754.jpg,remove haze from the image,after\0754.jpg
before\0147.jpg,remove snow from the image,after\0147.jpg
before\0596.png,remove raindrops from the image,after\0596.png
before\0913.png,remove rain from the image,after\0913.png
before\0673.png,remove haze from the image,after\0673.png
before\1127.png,remove rain from the image,after\1127.png
before\0495.png,remove raindrops from the image,after\0495.png
before\0578.png,remove raindrops from the image,after\0578.png
before\0453.png,remove raindrops from the image,after\0453.png
before\0856.jpg,remove haze from the image,after\0856.jpg
before\0908.png,remove rain from the image,after\0908.png
before\0542.png,remove raindrops from the image,after\0542.png
before\0085.png,remove snow from the image,after\0085.png
before\1100.png,remove rain from the image,after\1100.png
before\0812.jpg,remove haze from the image,after\0812.jpg
before\0063.png,remove snow from the image,after\0063.png
before\0137.jpg,remove snow from the image,after\0137.jpg
before\0134.jpg,remove snow from the image,after\0134.jpg
before\0283.jpg,remove snow from the image,after\0283.jpg
before\1068.png,remove rain from the image,after\1068.png
before\1190.png,remove rain from the image,after\1190.png
before\0237.jpg,remove snow from the image,after\0237.jpg
before\0716.jpg,remove haze from the image,after\0716.jpg
before\0151.jpg,remove snow from the image,after\0151.jpg
before\1165.png,remove rain from the image,after\1165.png
before\0423.png,remove raindrops from the image,after\0423.png
before\0536.png,remove raindrops from the image,after\0536.png
before\0350.png,remove raindrops from the image,after\0350.png
before\0128.jpg,remove snow from the image,after\0128.jpg
before\0126.jpg,remove snow from the image,after\0126.jpg
before\0636.png,remove haze from the image,after\0636.png
before\0668.png,remove haze from the image,after\0668.png
before\0643.png,remove haze from the image,after\0643.png
before\0202.jpg,remove snow from the image,after\0202.jpg
before\1009.png,remove rain from the image,after\1009.png
before\0752.jpg,remove haze from the image,after\0752.jpg
before\0849.jpg,remove haze from the image,after\0849.jpg
before\1167.png,remove rain from the image,after\1167.png
before\0633.png,remove haze from the image,after\0633.png
before\0228.jpg,remove snow from the image,after\0228.jpg
before\0958.png,remove rain from the image,after\0958.png
before\0044.png,remove snow from the image,after\0044.png
before\0132.jpg,remove snow from the image,after\0132.jpg
before\0787.jpg,remove haze from the image,after\0787.jpg
before\0107.jpg,remove snow from the image,after\0107.jpg
before\0869.jpg,remove haze from the image,after\0869.jpg
before\0340.png,remove raindrops from the image,after\0340.png
before\0141.jpg,remove snow from the image,after\0141.jpg
before\0703.png,remove haze from the image,after\0703.png
before\0979.png,remove rain from the image,after\0979.png
before\0667.png,remove haze from the image,after\0667.png
before\0655.png,remove haze from the image,after\0655.png
before\0422.png,remove raindrops from the image,after\0422.png
before\0684.png,remove haze from the image,after\0684.png
before\1101.png,remove rain from the image,after\1101.png
before\0023.png,remove snow from the image,after\0023.png
before\0881.jpg,remove haze from the image,after\0881.jpg
before\0686.png,remove haze from the image,after\0686.png
before\0556.png,remove raindrops from the image,after\0556.png
before\0573.png,remove raindrops from the image,after\0573.png
before\0183.jpg,remove snow from the image,after\0183.jpg
before\1163.png,remove rain from the image,after\1163.png
before\0075.png,remove snow from the image,after\0075.png
before\0226.jpg,remove snow from the image,after\0226.jpg
before\0402.png,remove raindrops from the image,after\0402.png
before\0413.png,remove raindrops from the image,after\0413.png
before\0438.png,remove raindrops from the image,after\0438.png
before\0549.png,remove raindrops from the image,after\0549.png
before\0295.jpg,remove snow from the image,after\0295.jpg
before\1049.png,remove rain from the image,after\1049.png
before\0065.png,remove snow from the image,after\0065.png
before\1024.png,remove rain from the image,after\1024.png
before\0520.png,remove raindrops from the image,after\0520.png
before\0441.png,remove raindrops from the image,after\0441.png
before\0602.png,remove haze from the image,after\0602.png
before\0218.jpg,remove snow from the image,after\0218.jpg
before\0265.jpg,remove snow from the image,after\0265.jpg
before\1069.png,remove rain from the image,after\1069.png
before\0529.png,remove raindrops from the image,after\0529.png
before\0680.png,remove haze from the image,after\0680.png
before\0923.png,remove rain from the image,after\0923.png
before\0277.jpg,remove snow from the image,after\0277.jpg
before\0605.png,remove haze from the image,after\0605.png
before\0150.jpg,remove snow from the image,after\0150.jpg
before\1097.png,remove rain from the image,after\1097.png
before\0371.png,remove raindrops from the image,after\0371.png
before\0417.png,remove raindrops from the image,after\0417.png
before\0717.jpg,remove haze from the image,after\0717.jpg
before\0982.png,remove rain from the image,after\0982.png
before\0557.png,remove raindrops from the image,after\0557.png
before\0569.png,remove raindrops from the image,after\0569.png
before\0674.png,remove haze from the image,after\0674.png
before\1116.png,remove rain from the image,after\1116.png
before\0629.png,remove haze from the image,after\0629.png
before\0090.png,remove snow from the image,after\0090.png
before\0877.jpg,remove haze from the image,after\0877.jpg
before\0693.png,remove haze from the image,after\0693.png
before\0084.png,remove snow from the image,after\0084.png
before\0746.jpg,remove haze from the image,after\0746.jpg
before\0543.png,remove raindrops from the image,after\0543.png
before\1030.png,remove rain from the image,after\1030.png
before\0334.png,remove raindrops from the image,after\0334.png
before\0377.png,remove raindrops from the image,after\0377.png
before\1138.png,remove rain from the image,after\1138.png
before\0478.png,remove raindrops from the image,after\0478.png
before\1052.png,remove rain from the image,after\1052.png
before\0089.png,remove snow from the image,after\0089.png
before\0679.png,remove haze from the image,after\0679.png
before\0452.png,remove raindrops from the image,after\0452.png
before\0081.png,remove snow from the image,after\0081.png
before\0225.jpg,remove snow from the image,after\0225.jpg
before\1198.png,remove rain from the image,after\1198.png
before\0933.png,remove rain from the image,after\0933.png
before\1135.png,remove rain from the image,after\1135.png
before\0773.jpg,remove haze from the image,after\0773.jpg
before\0828.jpg,remove haze from the image,after\0828.jpg
before\0257.jpg,remove snow from the image,after\0257.jpg
before\0921.png,remove rain from the image,after\0921.png
before\0178.jpg,remove snow from the image,after\0178.jpg
before\0072.png,remove snow from the image,after\0072.png
before\0160.jpg,remove snow from the image,after\0160.jpg
before\0407.png,remove raindrops from the image,after\0407.png
before\0471.png,remove raindrops from the image,after\0471.png
before\0019.png,remove snow from the image,after\0019.png
before\0375.png,remove raindrops from the image,after\0375.png
before\0372.png,remove raindrops from the image,after\0372.png
before\1083.png,remove rain from the image,after\1083.png
before\0262.jpg,remove snow from the image,after\0262.jpg
before\0505.png,remove raindrops from the image,after\0505.png
before\1095.png,remove rain from the image,after\1095.png
before\0838.jpg,remove haze from the image,after\0838.jpg
before\0389.png,remove raindrops from the image,after\0389.png
before\0824.jpg,remove haze from the image,after\0824.jpg
before\0309.png,remove raindrops from the image,after\0309.png
before\0118.jpg,remove snow from the image,after\0118.jpg
before\0281.jpg,remove snow from the image,after\0281.jpg
before\1036.png,remove rain from the image,after\1036.png
before\1191.png,remove rain from the image,after\1191.png
before\0270.jpg,remove snow from the image,after\0270.jpg
before\0191.jpg,remove snow from the image,after\0191.jpg
before\1064.png,remove rain from the image,after\1064.png
before\0924.png,remove rain from the image,after\0924.png
before\0859.jpg,remove haze from the image,after\0859.jpg
before\0180.jpg,remove snow from the image,after\0180.jpg
before\0623.png,remove haze from the image,after\0623.png
before\0533.png,remove raindrops from the image,after\0533.png
before\1112.png,remove rain from the image,after\1112.png
before\0490.png,remove raindrops from the image,after\0490.png
before\1075.png,remove rain from the image,after\1075.png
before\0390.png,remove raindrops from the image,after\0390.png
before\0212.jpg,remove snow from the image,after\0212.jpg
before\1035.png,remove rain from the image,after\1035.png
before\0612.png,remove haze from the image,after\0612.png
before\0922.png,remove rain from the image,after\0922.png
before\0954.png,remove rain from the image,after\0954.png
before\0006.png,remove snow from the image,after\0006.png
before\0311.png,remove raindrops from the image,after\0311.png
before\0638.png,remove haze from the image,after\0638.png
before\0607.png,remove haze from the image,after\0607.png
before\0642.png,remove haze from the image,after\0642.png
before\0504.png,remove raindrops from the image,after\0504.png
before\0534.png,remove raindrops from the image,after\0534.png
before\0079.png,remove snow from the image,after\0079.png
before\0457.png,remove raindrops from the image,after\0457.png
before\0723.jpg,remove haze from the image,after\0723.jpg
before\0009.png,remove snow from the image,after\0009.png
before\1128.png,remove rain from the image,after\1128.png
before\0683.png,remove haze from the image,after\0683.png
before\0712.jpg,remove haze from the image,after\0712.jpg
before\0322.png,remove raindrops from the image,after\0322.png
before\0461.png,remove raindrops from the image,after\0461.png
before\0894.jpg,remove haze from the image,after\0894.jpg
before\0450.png,remove raindrops from the image,after\0450.png
before\0232.jpg,remove snow from the image,after\0232.jpg
before\0528.png,remove raindrops from the image,after\0528.png
before\0060.png,remove snow from the image,after\0060.png
before\0208.jpg,remove snow from the image,after\0208.jpg
before\0385.png,remove raindrops from the image,after\0385.png
before\0647.png,remove haze from the image,after\0647.png
before\0476.png,remove raindrops from the image,after\0476.png
before\0259.jpg,remove snow from the image,after\0259.jpg
before\0406.png,remove raindrops from the image,after\0406.png
before\1011.png,remove rain from the image,after\1011.png
before\0669.png,remove haze from the image,after\0669.png
before\0831.jpg,remove haze from the image,after\0831.jpg
before\0978.png,remove rain from the image,after\0978.png
before\0416.png,remove raindrops from the image,after\0416.png
before\0093.png,remove snow from the image,after\0093.png
before\1098.png,remove rain from the image,after\1098.png
before\0925.png,remove rain from the image,after\0925.png
before\0315.png,remove raindrops from the image,after\0315.png
before\0563.png,remove raindrops from the image,after\0563.png
before\0307.png,remove raindrops from the image,after\0307.png
before\0204.jpg,remove snow from the image,after\0204.jpg
before\1048.png,remove rain from the image,after\1048.png
before\0815.jpg,remove haze from the image,after\0815.jpg
before\0805.jpg,remove haze from the image,after\0805.jpg
before\0783.jpg,remove haze from the image,after\0783.jpg
before\0997.png,remove rain from the image,after\0997.png
before\0951.png,remove rain from the image,after\0951.png
before\1053.png,remove rain from the image,after\1053.png
before\0942.png,remove rain from the image,after\0942.png
before\0041.png,remove snow from the image,after\0041.png
before\0403.png,remove raindrops from the image,after\0403.png
before\1189.png,remove rain from the image,after\1189.png
before\0941.png,remove rain from the image,after\0941.png
before\0672.png,remove haze from the image,after\0672.png
before\0874.jpg,remove haze from the image,after\0874.jpg
before\0943.png,remove rain from the image,after\0943.png
before\0751.jpg,remove haze from the image,after\0751.jpg
before\0892.jpg,remove haze from the image,after\0892.jpg
before\0480.png,remove raindrops from the image,after\0480.png
before\0395.png,remove raindrops from the image,after\0395.png
before\0095.png,remove snow from the image,after\0095.png
before\0302.png,remove raindrops from the image,after\0302.png
before\0834.jpg,remove haze from the image,after\0834.jpg
before\0826.jpg,remove haze from the image,after\0826.jpg
before\1184.png,remove rain from the image,after\1184.png
before\0604.png,remove haze from the image,after\0604.png
before\0016.png,remove snow from the image,after\0016.png
before\0129.jpg,remove snow from the image,after\0129.jpg
before\1174.png,remove rain from the image,after\1174.png
before\0739.jpg,remove haze from the image,after\0739.jpg
before\0799.jpg,remove haze from the image,after\0799.jpg
before\0003.png,remove snow from the image,after\0003.png
before\0428.png,remove raindrops from the image,after\0428.png
before\0794.jpg,remove haze from the image,after\0794.jpg
before\1042.png,remove rain from the image,after\1042.png
before\0548.png,remove raindrops from the image,after\0548.png
before\0847.jpg,remove haze from the image,after\0847.jpg
before\0659.png,remove haze from the image,after\0659.png
before\0653.png,remove haze from the image,after\0653.png
before\0498.png,remove raindrops from the image,after\0498.png
before\0995.png,remove rain from the image,after\0995.png
before\0637.png,remove haze from the image,after\0637.png
before\0681.png,remove haze from the image,after\0681.png
before\0288.jpg,remove snow from the image,after\0288.jpg
before\0960.png,remove rain from the image,after\0960.png
before\0630.png,remove haze from the image,after\0630.png
before\1175.png,remove rain from the image,after\1175.png
before\0424.png,remove raindrops from the image,after\0424.png
before\0830.jpg,remove haze from the image,after\0830.jpg
before\0875.jpg,remove haze from the image,after\0875.jpg
before\0983.png,remove rain from the image,after\0983.png
before\0906.png,remove rain from the image,after\0906.png
before\0840.jpg,remove haze from the image,after\0840.jpg
before\0820.jpg,remove haze from the image,after\0820.jpg
before\0934.png,remove rain from the image,after\0934.png
before\0880.jpg,remove haze from the image,after\0880.jpg
before\0094.png,remove snow from the image,after\0094.png
before\0172.jpg,remove snow from the image,after\0172.jpg
before\0328.png,remove raindrops from the image,after\0328.png
before\0037.png,remove snow from the image,after\0037.png
before\0331.png,remove raindrops from the image,after\0331.png
before\0932.png,remove rain from the image,after\0932.png
before\0276.jpg,remove snow from the image,after\0276.jpg
before\0772.jpg,remove haze from the image,after\0772.jpg
before\0635.png,remove haze from the image,after\0635.png
before\0797.jpg,remove haze from the image,after\0797.jpg
before\0199.jpg,remove snow from the image,after\0199.jpg
before\0580.png,remove raindrops from the image,after\0580.png
before\0359.png,remove raindrops from the image,after\0359.png
before\1096.png,remove rain from the image,after\1096.png
before\0356.png,remove raindrops from the image,after\0356.png
before\0047.png,remove snow from the image,after\0047.png
before\0410.png,remove raindrops from the image,after\0410.png
before\0040.png,remove snow from the image,after\0040.png
before\0170.jpg,remove snow from the image,after\0170.jpg
before\0439.png,remove raindrops from the image,after\0439.png
before\0806.jpg,remove haze from the image,after\0806.jpg
before\0021.png,remove snow from the image,after\0021.png
before\1088.png,remove rain from the image,after\1088.png
before\1092.png,remove rain from the image,after\1092.png
before\0868.jpg,remove haze from the image,after\0868.jpg
before\0879.jpg,remove haze from the image,after\0879.jpg
before\0046.png,remove snow from the image,after\0046.png
before\0639.png,remove haze from the image,after\0639.png
before\0690.png,remove haze from the image,after\0690.png
before\0217.jpg,remove snow from the image,after\0217.jpg
before\0586.png,remove raindrops from the image,after\0586.png
before\1071.png,remove rain from the image,after\1071.png
before\0632.png,remove haze from the image,after\0632.png
before\0462.png,remove raindrops from the image,after\0462.png
before\0038.png,remove snow from the image,after\0038.png
before\0489.png,remove raindrops from the image,after\0489.png
before\0590.png,remove raindrops from the image,after\0590.png
before\0008.png,remove snow from the image,after\0008.png
before\0316.png,remove raindrops from the image,after\0316.png
before\1130.png,remove rain from the image,after\1130.png
before\1032.png,remove rain from the image,after\1032.png
before\0115.jpg,remove snow from the image,after\0115.jpg
before\0510.png,remove raindrops from the image,after\0510.png
before\0152.jpg,remove snow from the image,after\0152.jpg
before\0319.png,remove raindrops from the image,after\0319.png
before\0507.png,remove raindrops from the image,after\0507.png
before\0796.jpg,remove haze from the image,after\0796.jpg
before\0521.png,remove raindrops from the image,after\0521.png
before\0625.png,remove haze from the image,after\0625.png
before\0949.png,remove rain from the image,after\0949.png
before\0271.jpg,remove snow from the image,after\0271.jpg
before\0333.png,remove raindrops from the image,after\0333.png
before\0239.jpg,remove snow from the image,after\0239.jpg
before\0473.png,remove raindrops from the image,after\0473.png
before\0687.png,remove haze from the image,after\0687.png
before\0966.png,remove rain from the image,after\0966.png
before\0705.png,remove haze from the image,after\0705.png
before\0601.png,remove haze from the image,after\0601.png
before\0347.png,remove raindrops from the image,after\0347.png
before\0842.jpg,remove haze from the image,after\0842.jpg
before\0813.jpg,remove haze from the image,after\0813.jpg
before\0293.jpg,remove snow from the image,after\0293.jpg
before\1136.png,remove rain from the image,after\1136.png
before\0502.png,remove raindrops from the image,after\0502.png
before\0889.jpg,remove haze from the image,after\0889.jpg
before\0871.jpg,remove haze from the image,after\0871.jpg
before\0579.png,remove raindrops from the image,after\0579.png
before\0279.jpg,remove snow from the image,after\0279.jpg
before\0785.jpg,remove haze from the image,after\0785.jpg
before\0155.jpg,remove snow from the image,after\0155.jpg
before\0863.jpg,remove haze from the image,after\0863.jpg
before\0425.png,remove raindrops from the image,after\0425.png
before\0076.png,remove snow from the image,after\0076.png
before\0177.jpg,remove snow from the image,after\0177.jpg
before\0205.jpg,remove snow from the image,after\0205.jpg
before\0905.png,remove rain from the image,after\0905.png
before\0855.jpg,remove haze from the image,after\0855.jpg
before\0550.png,remove raindrops from the image,after\0550.png
before\0361.png,remove raindrops from the image,after\0361.png
before\0491.png,remove raindrops from the image,after\0491.png
before\1000.png,remove rain from the image,after\1000.png
before\0870.jpg,remove haze from the image,after\0870.jpg
before\1013.png,remove rain from the image,after\1013.png
before\0926.png,remove rain from the image,after\0926.png
before\0193.jpg,remove snow from the image,after\0193.jpg
before\1129.png,remove rain from the image,after\1129.png
before\0341.png,remove raindrops from the image,after\0341.png
before\0432.png,remove raindrops from the image,after\0432.png
before\1172.png,remove rain from the image,after\1172.png
before\0852.jpg,remove haze from the image,after\0852.jpg
before\0344.png,remove raindrops from the image,after\0344.png
before\0405.png,remove raindrops from the image,after\0405.png
before\0431.png,remove raindrops from the image,after\0431.png
before\0972.png,remove rain from the image,after\0972.png
before\0592.png,remove raindrops from the image,after\0592.png
before\0645.png,remove haze from the image,after\0645.png
before\1134.png,remove rain from the image,after\1134.png
before\0039.png,remove snow from the image,after\0039.png
before\1149.png,remove rain from the image,after\1149.png
before\0332.png,remove raindrops from the image,after\0332.png
before\0509.png,remove raindrops from the image,after\0509.png
before\0858.jpg,remove haze from the image,after\0858.jpg
before\0513.png,remove raindrops from the image,after\0513.png
before\0603.png,remove haze from the image,after\0603.png
before\0240.jpg,remove snow from the image,after\0240.jpg
before\1034.png,remove rain from the image,after\1034.png
before\0053.png,remove snow from the image,after\0053.png
before\0663.png,remove haze from the image,after\0663.png
before\0201.jpg,remove snow from the image,after\0201.jpg
before\0010.png,remove snow from the image,after\0010.png
before\0182.jpg,remove snow from the image,after\0182.jpg
before\0890.jpg,remove haze from the image,after\0890.jpg
before\0853.jpg,remove haze from the image,after\0853.jpg
before\0135.jpg,remove snow from the image,after\0135.jpg
before\0755.jpg,remove haze from the image,after\0755.jpg
before\1147.png,remove rain from the image,after\1147.png
before\0907.png,remove rain from the image,after\0907.png
before\0850.jpg,remove haze from the image,after\0850.jpg
before\0144.jpg,remove snow from the image,after\0144.jpg
before\0214.jpg,remove snow from the image,after\0214.jpg
before\0369.png,remove raindrops from the image,after\0369.png
before\0004.png,remove snow from the image,after\0004.png
before\0111.jpg,remove snow from the image,after\0111.jpg
before\1007.png,remove rain from the image,after\1007.png
before\0207.jpg,remove snow from the image,after\0207.jpg
before\0483.png,remove raindrops from the image,after\0483.png
before\0714.jpg,remove haze from the image,after\0714.jpg
before\0304.png,remove raindrops from the image,after\0304.png
before\0883.jpg,remove haze from the image,after\0883.jpg
before\0618.png,remove haze from the image,after\0618.png
before\0366.png,remove raindrops from the image,after\0366.png
before\0227.jpg,remove snow from the image,after\0227.jpg
before\0082.png,remove snow from the image,after\0082.png
before\0888.jpg,remove haze from the image,after\0888.jpg
before\1094.png,remove rain from the image,after\1094.png
before\0032.png,remove snow from the image,after\0032.png
before\0342.png,remove raindrops from the image,after\0342.png
before\0460.png,remove raindrops from the image,after\0460.png
before\0211.jpg,remove snow from the image,after\0211.jpg
before\0650.png,remove haze from the image,after\0650.png
